MODEL,VEHICLECLASS,ENGINESIZE,CYLINDERS,FUELCONSUMPTION_CITY,FUELCONSUMPTION_HWY,FUELCONSUMPTION_COMB,CO2EMISSIONS
ILX,COMPACT,2.0,4,9.9,6.7,8.5,196
ILX,COMPACT,2.4,4,11.2,7.7,9.6,221
ILX HYBRID,COMPACT,1.5,4,6.0,5.8,5.9,136
MDX 4WD,SUV - SMALL,3.5,6,12.7,9.1,11.1,255
RDX AWD,SUV - SMALL,3.5,6,12.1,8.7,10.6,244
RLX,MID-SIZE,3.5,6,11.9,7.7,10.0,230
TL,MID-SIZE,3.5,6,11.8,8.1,10.1,232
TL AWD,MID-SIZE,3.7,6,12.8,9.0,11.1,255
TL AWD,MID-SIZE,3.7,6,13.4,9.5,11.6,267
TSX,COMPACT,2.4,4,10.6,7.5,9.2,212
TSX,COMPACT,2.4,4,11.2,8.1,9.8,225
TSX,COMPACT,3.5,6,12.1,8.3,10.4,239
DB9,MINICOMPACT,5.9,12,18.0,12.6,15.6,359
RAPIDE,SUBCOMPACT,5.9,12,18.0,12.6,15.6,359
V8 VANTAGE,TWO-SEATER,4.7,8,17.4,11.3,14.7,338
V8 VANTAGE,TWO-SEATER,4.7,8,18.1,12.2,15.4,354
V8 VANTAGE S,TWO-SEATER,4.7,8,17.4,11.3,14.7,338
V8 VANTAGE S,TWO-SEATER,4.7,8,18.1,12.2,15.4,354
VANQUISH,MINICOMPACT,5.9,12,18.0,12.6,15.6,359
A4,COMPACT,2.0,4,9.9,7.4,8.8,202
A4 QUATTRO,COMPACT,2.0,4,11.5,8.1,10.0,230
A4 QUATTRO,COMPACT,2.0,4,10.8,7.5,9.3,214
A5 CABRIOLET QUATTRO,SUBCOMPACT,2.0,4,11.5,8.1,10.0,230
A5 QUATTRO,SUBCOMPACT,2.0,4,11.5,8.1,10.0,230
A5 QUATTRO,SUBCOMPACT,2.0,4,10.8,7.5,9.3,214
A6 QUATTRO,MID-SIZE,2.0,4,12.0,8.1,10.2,235
A6 QUATTRO,MID-SIZE,3.0,6,12.8,8.6,10.9,251
A6 QUATTRO TDI CLEAN DIESEL,MID-SIZE,3.0,6,9.8,6.4,8.3,224
A7 QUATTRO,MID-SIZE,3.0,6,13.1,8.8,11.2,258
A7 QUATTRO TDI CLEAN DIESEL,MID-SIZE,3.0,6,9.8,6.4,8.3,224
A8,MID-SIZE,3.0,6,13.1,8.8,11.2,258
A8,MID-SIZE,4.0,8,13.5,8.6,11.3,260
A8 TDI CLEAN DIESEL,MID-SIZE,3.0,6,10.0,6.4,8.4,227
A8L,FULL-SIZE,3.0,6,13.1,8.8,11.2,258
A8L,FULL-SIZE,4.0,8,14.7,9.7,12.5,288
A8L,FULL-SIZE,6.3,12,18.2,12.6,15.7,361
A8L TDI CLEAN DIESEL,FULL-SIZE,3.0,6,10.1,6.5,8.5,230
ALLROAD QUATTRO,STATION WAGON - SMALL,2.0,4,11.8,8.8,10.5,242
Q5,SUV - SMALL,2.0,4,12.0,8.5,10.4,239
Q5,SUV - SMALL,3.0,6,12.9,9.2,11.2,258
Q5 HYBRID,SUV - SMALL,2.0,4,9.9,8.3,9.2,212
Q5 TDI CLEAN DIESEL,SUV - SMALL,3.0,6,10.3,7.6,9.1,246
Q7,SUV - STANDARD,3.0,6,15.1,10.9,13.2,304
Q7 TDI CLEAN DIESEL,SUV - STANDARD,3.0,6,12.9,8.4,10.9,294
R8,TWO-SEATER,4.2,8,17.6,11.0,14.6,336
R8,TWO-SEATER,4.2,8,21.2,13.4,17.7,407
R8,TWO-SEATER,5.2,10,18.8,11.3,15.4,354
R8,TWO-SEATER,5.2,10,21.1,13.8,17.8,409
R8 SPYDER,TWO-SEATER,4.2,8,17.6,11.0,14.6,336
R8 SPYDER,TWO-SEATER,4.2,8,21.2,13.4,17.7,407
R8 SPYDER,TWO-SEATER,5.2,10,18.8,11.3,15.4,354
R8 SPYDER,TWO-SEATER,5.2,10,21.1,13.8,17.8,409
RS5,SUBCOMPACT,4.2,8,15.3,10.9,13.3,306
RS5 CABRIOLET,SUBCOMPACT,4.2,8,15.2,11.3,13.4,308
RS7,MID-SIZE,4.0,8,15.3,9.3,12.6,290
S4,COMPACT,3.0,6,13.2,9.2,11.4,262
S4,COMPACT,3.0,6,14.6,9.8,12.4,285
S5,SUBCOMPACT,3.0,6,13.2,9.2,11.4,262
S5,SUBCOMPACT,3.0,6,14.6,9.8,12.4,285
S5 CABRIOLET,SUBCOMPACT,3.0,6,13.3,9.5,11.6,267
S6,MID-SIZE,4.0,8,14.2,9.7,12.2,281
S7,MID-SIZE,4.0,8,14.2,9.7,12.2,281
S8,MID-SIZE,4.0,8,15.4,9.8,12.9,297
SQ5,SUV - SMALL,3.0,6,14.9,10.1,12.7,292
TT COUPE QUATTRO,SUBCOMPACT,2.0,4,10.4,7.6,9.1,209
TT ROADSTER QUATTRO,TWO-SEATER,2.0,4,10.4,7.6,9.1,209
TTS COUPE QUATTRO,SUBCOMPACT,2.0,4,11.5,8.8,10.3,237
TTS ROADSTER QUATTRO,TWO-SEATER,2.0,4,11.5,8.8,10.3,237
CONTINENTAL GT,SUBCOMPACT,4.0,8,15.4,9.8,12.9,297
CONTINENTAL GT,SUBCOMPACT,6.0,12,18.8,11.5,15.5,356
CONTINENTAL GT CONVERTIBLE,SUBCOMPACT,4.0,8,16.8,10.3,13.9,320
CONTINENTAL GT SPEED CONVERTIBLE,SUBCOMPACT,6.0,12,20.0,12.2,16.5,380
CONTINENTAL GTC,SUBCOMPACT,4.0,8,16.7,10.6,14.0,322
CONTINENTAL GTC,SUBCOMPACT,6.0,12,20.0,12.2,16.5,380
FLYING SPUR,MID-SIZE,6.0,12,20.0,12.2,16.5,380
MULSANNE,MID-SIZE,6.8,8,22.3,14.9,19.0,437
320i,COMPACT,2.0,4,10.0,6.5,8.4,193
320i,COMPACT,2.0,4,10.4,6.7,8.7,200
320i xDRIVE,COMPACT,2.0,4,10.2,7.0,8.8,202
328d xDRIVE,COMPACT,2.0,4,7.6,5.5,6.7,181
328d xDRIVE TOURING,STATION WAGON - SMALL,2.0,4,7.6,5.5,6.7,181
328i,COMPACT,2.0,4,10.0,6.5,8.4,193
328i,COMPACT,2.0,4,10.4,6.7,8.7,200
328i xDRIVE,COMPACT,2.0,4,10.6,7.2,9.1,209
328i xDRIVE GRAN TURISMO,FULL-SIZE,2.0,4,10.6,7.2,9.1,209
328i xDRIVE TOURING,STATION WAGON - SMALL,2.0,4,10.6,7.2,9.1,209
335i,COMPACT,3.0,6,11.4,7.3,9.6,221
335i,COMPACT,3.0,6,11.8,7.9,10.0,230
335i xDRIVE,COMPACT,3.0,6,11.7,7.8,9.9,228
335i xDRIVE,COMPACT,3.0,6,11.9,8.3,10.3,237
335i xDRIVE GRAN TURISMO,FULL-SIZE,3.0,6,11.9,8.0,10.1,232
428i COUPE,COMPACT,2.0,4,10.0,6.5,8.4,193
428i COUPE,COMPACT,2.0,4,10.4,6.7,8.7,200
428i xDRIVE COUPE,COMPACT,2.0,4,10.6,7.2,9.1,209
435i COUPE,COMPACT,3.0,6,11.4,7.3,9.6,221
435i COUPE,COMPACT,3.0,6,11.8,7.9,10.0,230
435i xDRIVE COUPE,COMPACT,3.0,6,11.7,7.8,9.9,228
435i xDRIVE COUPE,COMPACT,3.0,6,11.9,8.3,10.3,237
528i,MID-SIZE,2.0,4,10.2,7.0,8.8,202
528i xDRIVE,MID-SIZE,2.0,4,10.6,7.2,9.1,209
535d xDRIVE,MID-SIZE,3.0,6,9.2,6.4,7.9,213
535i xDRIVE,MID-SIZE,3.0,6,11.9,8.0,10.1,232
535i xDRIVE GRAN TURISMO,FULL-SIZE,3.0,6,12.5,8.6,10.7,246
550i xDRIVE,MID-SIZE,4.4,8,14.4,9.6,12.2,281
550i xDRIVE GRAN TURISMO,FULL-SIZE,4.4,8,15.0,9.8,12.7,292
640i xDRIVE GRAN COUPE,COMPACT,3.0,6,11.9,8.0,10.1,232
650i xDRIVE CABRIOLET,SUBCOMPACT,4.4,8,15.0,9.8,12.7,292
650i xDRIVE COUPE,COMPACT,4.4,8,14.4,9.6,12.2,281
650i xDRIVE GRAN COUPE,COMPACT,4.4,8,15.0,9.8,12.7,292
740Li xDRIVE,FULL-SIZE,3.0,6,12.5,8.6,10.7,246
750i xDRIVE,FULL-SIZE,4.4,8,15.0,9.8,12.7,292
750Li xDRIVE,FULL-SIZE,4.4,8,15.0,9.8,12.7,292
760Li,FULL-SIZE,6.0,12,18.7,11.5,15.5,356
ACTIVEHYBRID 3,COMPACT,3.0,6,9.2,7.1,8.3,191
ACTIVEHYBRID 5,MID-SIZE,3.0,6,10.5,7.9,9.3,214
ACTIVEHYBRID 7L,FULL-SIZE,3.0,6,10.5,7.6,9.2,212
ALPINA B7 xDRIVE LWB,FULL-SIZE,4.4,8,15.0,9.8,12.7,292
ALPINA B7 xDRIVE SWB,FULL-SIZE,4.4,8,15.0,9.8,12.7,292
M5,MID-SIZE,4.4,8,17.3,11.5,14.7,338
M5,MID-SIZE,4.4,8,16.2,10.9,13.8,317
M6,COMPACT,4.4,8,17.3,11.5,14.7,338
M6,COMPACT,4.4,8,16.2,10.9,13.8,317
M6 CABRIOLET,SUBCOMPACT,4.4,8,17.3,11.5,14.7,338
M6 CABRIOLET,SUBCOMPACT,4.4,8,16.2,10.9,13.8,317
M6 GRAN COUPE,COMPACT,4.4,8,17.3,11.5,14.7,338
M6 GRAN COUPE,COMPACT,4.4,8,16.2,10.9,13.8,317
X1 xDRIVE28i,SUV - SMALL,2.0,4,10.6,7.2,9.1,209
X1 xDRIVE35i,SUV - SMALL,3.0,6,13.2,8.9,11.3,260
X3 xDRIVE28i,SUV - SMALL,2.0,4,11.2,8.5,10.0,230
X3 xDRIVE35i,SUV - SMALL,3.0,6,12.6,9.1,11.0,253
X5 xDRIVE35i,SUV - STANDARD,3.0,6,12.9,8.8,11.1,255
X5 xDRIVE50i,SUV - STANDARD,4.4,8,16.3,10.9,13.9,320
X6 M,SUV - STANDARD,4.4,8,18.1,13.7,16.1,370
X6 xDRIVE35i,SUV - STANDARD,3.0,6,13.6,9.8,11.9,274
X6 xDRIVE50i,SUV - STANDARD,4.4,8,16.4,11.3,14.1,324
Z4 sDRIVE28i,TWO-SEATER,2.0,4,10.8,7.1,9.1,209
Z4 sDRIVE28i,TWO-SEATER,2.0,4,10.4,6.7,8.7,200
Z4 sDRIVE35i,TWO-SEATER,3.0,6,13.7,10.1,12.1,278
Z4 sDRIVE35i,TWO-SEATER,3.0,6,12.7,9.0,11.0,253
Z4 sDRIVE35is,TWO-SEATER,3.0,6,13.7,10.1,12.1,278
ENCLAVE,SUV - STANDARD,3.6,6,14.3,9.9,12.3,283
ENCLAVE AWD,SUV - STANDARD,3.6,6,14.6,10.2,12.6,290
ENCORE,SUV - SMALL,1.4,4,9.5,7.2,8.5,196
ENCORE AWD,SUV - SMALL,1.4,4,10.2,8.0,9.2,212
LACROSSE,MID-SIZE,3.6,6,13.7,8.7,11.5,264
LACROSSE,MID-SIZE,3.6,6,18.4,12.2,15.6,250
LACROSSE AWD,MID-SIZE,3.6,6,13.7,8.9,11.5,264
LACROSSE AWD,MID-SIZE,3.6,6,19.4,13.0,16.5,264
LACROSSE eASSIST,MID-SIZE,2.4,4,9.6,6.5,8.2,189
REGAL,MID-SIZE,2.0,4,11.5,7.9,9.9,228
REGAL,MID-SIZE,2.0,4,11.6,7.5,9.8,225
REGAL AWD,MID-SIZE,2.0,4,12.3,8.7,10.7,246
REGAL eASSIST,MID-SIZE,2.4,4,9.6,6.5,8.2,189
VERANO,COMPACT,2.0,4,11.5,7.9,9.9,228
VERANO,COMPACT,2.0,4,11.6,7.5,9.8,225
VERANO,COMPACT,2.4,4,11.3,7.4,9.5,218
ATS,COMPACT,2.0,4,11.3,7.5,9.6,221
ATS,COMPACT,2.0,4,12.1,7.9,10.2,235
ATS,COMPACT,2.5,4,10.5,7.2,9.0,207
ATS,COMPACT,3.6,6,12.8,8.5,10.9,251
ATS AWD,COMPACT,2.0,4,11.8,8.1,10.1,232
ATS AWD,COMPACT,3.6,6,13.1,9.0,11.3,260
CTS COUPE,MID-SIZE,3.6,6,13.2,8.7,11.2,258
CTS COUPE AWD,MID-SIZE,3.6,6,13.3,9.0,11.4,262
CTS SEDAN,MID-SIZE,2.0,4,11.9,7.9,10.1,232
CTS SEDAN,MID-SIZE,3.6,6,12.9,8.2,10.8,248
CTS SEDAN AWD,MID-SIZE,2.0,4,12.6,8.5,10.8,248
CTS SEDAN AWD,MID-SIZE,3.6,6,13.1,9.0,11.3,260
CTS SEDAN Vsport,MID-SIZE,3.6,6,15.1,9.9,12.8,294
CTS SPORT WAGON,STATION WAGON - SMALL,3.0,6,12.7,8.9,11.0,253
CTS SPORT WAGON,STATION WAGON - SMALL,3.6,6,13.3,8.9,11.3,260
CTS SPORT WAGON AWD,STATION WAGON - SMALL,3.0,6,12.8,9.1,11.1,255
CTS SPORT WAGON AWD,STATION WAGON - SMALL,3.6,6,13.3,9.0,11.4,262
CTS-V COUPE,MID-SIZE,6.2,8,19.7,12.9,16.6,382
CTS-V COUPE,MID-SIZE,6.2,8,16.7,12.5,14.8,340
CTS-V SEDAN,MID-SIZE,6.2,8,19.7,12.9,16.6,382
CTS-V SEDAN,MID-SIZE,6.2,8,16.7,12.5,14.8,340
CTS-V SPORT WAGON,STATION WAGON - SMALL,6.2,8,19.7,12.9,16.6,382
CTS-V SPORT WAGON,STATION WAGON - SMALL,6.2,8,16.7,12.5,14.8,340
ESCALADE AWD,SUV - STANDARD,6.2,8,17.0,11.8,14.7,338
ESCALADE AWD,SUV - STANDARD,6.2,8,23.3,16.1,20.1,322
ESCALADE ESV AWD,SUV - STANDARD,6.2,8,18.8,13.4,16.4,377
ESCALADE ESV AWD,SUV - STANDARD,6.2,8,25.7,17.8,22.1,354
SRX,SUV - STANDARD,3.6,6,14.3,9.8,12.3,283
SRX AWD,SUV - STANDARD,3.6,6,14.8,10.4,12.8,294
XTS,FULL-SIZE,3.6,6,13.6,8.6,11.4,262
XTS AWD,FULL-SIZE,3.6,6,14.0,9.1,11.8,271
XTS Vsport AWD,FULL-SIZE,3.6,6,14.8,9.8,12.6,290
CAMARO,COMPACT,3.6,6,13.2,8.7,11.2,258
CAMARO,COMPACT,3.6,6,14.2,8.6,11.7,269
CAMARO 2LS,COMPACT,3.6,6,12.7,7.9,10.5,242
CAMARO SS,COMPACT,6.2,8,15.3,9.8,12.8,294
CAMARO SS,COMPACT,6.2,8,15.0,9.9,12.7,292
CAMARO ZL1,COMPACT,6.2,8,19.7,12.9,16.6,382
CAMARO ZL1,COMPACT,6.2,8,16.7,12.5,14.8,340
CORVETTE,TWO-SEATER,6.2,8,14.9,8.5,12.0,276
CORVETTE,TWO-SEATER,6.2,8,13.7,8.2,11.2,258
CRUZE,MID-SIZE,1.4,4,9.1,6.3,7.8,179
CRUZE,MID-SIZE,1.4,4,9.1,6.3,7.8,179
CRUZE,MID-SIZE,1.8,4,10.5,6.7,8.8,202
CRUZE,MID-SIZE,1.8,4,9.5,6.5,8.2,189
CRUZE DIESEL,MID-SIZE,2.0,4,8.7,5.1,7.1,192
CRUZE ECO,MID-SIZE,1.4,4,9.1,6.0,7.7,177
CRUZE ECO,MID-SIZE,1.4,4,8.4,5.6,7.1,163
EQUINOX,SUV - SMALL,2.4,4,10.5,7.3,9.1,209
EQUINOX,SUV - SMALL,3.6,6,13.9,9.6,12.0,276
EQUINOX,SUV - SMALL,3.6,6,18.8,13.1,16.2,259
EQUINOX AWD,SUV - SMALL,2.4,4,11.5,8.2,10.0,230
EQUINOX AWD,SUV - SMALL,3.6,6,14.8,9.9,12.6,290
EQUINOX AWD,SUV - SMALL,3.6,6,19.8,13.6,17.0,272
EXPRESS 1500 CARGO,VAN - CARGO,4.3,6,17.1,12.7,15.1,347
EXPRESS 1500 CARGO,VAN - CARGO,5.3,8,18.0,13.4,15.9,366
EXPRESS 1500 CARGO,VAN - CARGO,5.3,8,23.5,17.7,20.9,334
EXPRESS 1500 CARGO AWD,VAN - CARGO,5.3,8,18.3,14.2,16.5,380
EXPRESS 1500 CARGO AWD,VAN - CARGO,5.3,8,23.7,18.8,21.5,344
EXPRESS 1500 CARGO CONV,VAN - CARGO,5.3,8,18.6,13.9,16.5,380
EXPRESS 1500 CARGO CONV,VAN - CARGO,5.3,8,23.9,18.5,21.5,344
EXPRESS 1500 CARGO CONV AWD,VAN - CARGO,5.3,8,18.3,14.2,16.5,380
EXPRESS 1500 CARGO CONV AWD,VAN - CARGO,5.3,8,25.3,19.3,22.6,362
EXPRESS 1500 PASSENGER,VAN - PASSENGER,5.3,8,18.6,13.9,16.5,380
EXPRESS 1500 PASSENGER,VAN - PASSENGER,5.3,8,23.9,18.5,21.5,344
EXPRESS 1500 PASSENGER AWD,VAN - PASSENGER,5.3,8,18.3,14.2,16.5,380
EXPRESS 1500 PASSENGER AWD,VAN - PASSENGER,5.3,8,25.3,19.3,22.6,362
EXPRESS 2500 PASSENGER,VAN - PASSENGER,4.8,8,21.1,14.2,18.0,414
EXPRESS 2500 PASSENGER,VAN - PASSENGER,6.0,8,21.9,15.0,18.8,432
EXPRESS 2500 PASSENGER,VAN - PASSENGER,6.0,8,30.0,20.4,25.7,411
EXPRESS 3500 PASSENGER,VAN - PASSENGER,4.8,8,21.3,14.3,18.2,419
EXPRESS 3500 PASSENGER,VAN - PASSENGER,6.0,8,22.1,15.0,18.9,435
EXPRESS 3500 PASSENGER,VAN - PASSENGER,6.0,8,30.2,20.5,25.8,413
IMPALA,FULL-SIZE,2.5,4,11.3,7.5,9.6,221
IMPALA,FULL-SIZE,3.6,6,12.6,8.2,10.6,244
IMPALA,FULL-SIZE,3.6,6,16.7,11.3,14.3,229
IMPALA ECO,FULL-SIZE,2.4,4,10.0,7.0,8.7,200
MALIBU,MID-SIZE,2.0,4,11.5,7.9,9.9,228
MALIBU,MID-SIZE,2.5,4,9.3,6.4,8.0,184
ORLANDO,SUV - SMALL,2.4,4,12.2,8.6,10.6,244
ORLANDO,SUV - SMALL,2.4,4,11.8,8.3,10.2,235
SILVERADO,PICKUP TRUCK - STANDARD,4.3,6,13.4,9.9,11.8,271
SILVERADO,PICKUP TRUCK - STANDARD,4.3,6,18.9,14.2,16.8,269
SILVERADO,PICKUP TRUCK - STANDARD,5.3,8,14.6,10.3,12.7,292
SILVERADO,PICKUP TRUCK - STANDARD,5.3,8,19.5,13.7,16.9,270
SILVERADO,PICKUP TRUCK - STANDARD,6.2,8,16.3,11.4,14.1,324
SILVERADO 4WD,PICKUP TRUCK - STANDARD,4.3,6,14.2,10.6,12.6,290
SILVERADO 4WD,PICKUP TRUCK - STANDARD,4.3,6,20.0,15.1,17.8,285
SILVERADO 4WD,PICKUP TRUCK - STANDARD,5.3,8,14.9,10.6,13.0,299
SILVERADO 4WD,PICKUP TRUCK - STANDARD,5.3,8,19.9,14.2,17.3,277
SILVERADO 4WD,PICKUP TRUCK - STANDARD,6.2,8,16.4,11.7,14.3,329
SONIC,COMPACT,1.4,4,9.1,6.7,8.0,184
SONIC,COMPACT,1.4,4,8.5,6.2,7.5,173
SONIC,COMPACT,1.8,4,9.6,6.6,8.3,191
SONIC,COMPACT,1.8,4,8.9,6.7,7.9,182
SONIC 5,MID-SIZE,1.4,4,9.1,6.7,8.0,184
SONIC 5,MID-SIZE,1.4,4,8.5,6.2,7.5,172
SONIC 5,MID-SIZE,1.8,4,9.6,6.6,8.3,191
SONIC 5,MID-SIZE,1.8,4,8.9,6.7,7.9,182
SONIC 5 RS,MID-SIZE,1.4,4,9.4,7.0,8.3,191
SONIC 5 RS,MID-SIZE,1.4,4,8.7,7.0,7.9,182
SONIC RS,COMPACT,1.4,4,9.4,7.0,8.3,191
SONIC RS,COMPACT,1.4,4,8.7,7.0,7.9,182
SPARK,SUBCOMPACT,1.2,4,7.7,6.0,6.9,159
SPARK,SUBCOMPACT,1.2,4,7.6,6.0,6.9,159
SUBURBAN,SUV - STANDARD,5.3,8,16.0,11.1,13.8,317
SUBURBAN,SUV - STANDARD,5.3,8,21.5,14.6,18.4,294
SUBURBAN 4WD,SUV - STANDARD,5.3,8,16.0,11.1,13.8,317
SUBURBAN 4WD,SUV - STANDARD,5.3,8,21.5,14.6,18.4,294
TAHOE,SUV - STANDARD,5.3,8,16.0,11.1,13.8,317
TAHOE,SUV - STANDARD,5.3,8,21.5,14.6,18.4,294
TAHOE 4WD,SUV - STANDARD,5.3,8,16.0,11.1,13.8,317
TAHOE 4WD,SUV - STANDARD,5.3,8,21.5,14.6,18.4,294
TRAVERSE,SUV - STANDARD,3.6,6,14.3,9.9,12.3,283
TRAVERSE AWD,SUV - STANDARD,3.6,6,14.6,10.2,12.6,290
TRAX,SUV - SMALL,1.4,4,9.4,7.1,8.4,193
TRAX,SUV - SMALL,1.4,4,9.1,6.8,8.1,186
TRAX AWD,SUV - SMALL,1.4,4,10.0,7.8,9.0,207
300,FULL-SIZE,3.6,6,12.4,7.7,10.3,237
200 CONVERTIBLE,COMPACT,2.4,4,11.7,8.2,10.1,232
200 CONVERTIBLE,COMPACT,2.4,4,12.9,8.1,10.7,246
200 CONVERTIBLE FFV,COMPACT,3.6,6,12.5,8.1,10.5,242
200 CONVERTIBLE FFV,COMPACT,3.6,6,17.0,11.2,14.4,230
200 SEDAN,MID-SIZE,2.4,4,11.2,8.0,9.8,225
200 SEDAN,MID-SIZE,2.4,4,12.0,7.6,10.0,230
200 SEDAN FFV,MID-SIZE,3.6,6,12.5,8.1,10.5,242
200 SEDAN FFV,MID-SIZE,3.6,6,17.0,11.2,14.4,230
300 (MDS),FULL-SIZE,5.7,8,15.8,9.2,12.8,294
300 AWD,FULL-SIZE,3.6,6,12.8,8.6,10.9,251
300 AWD (MDS),FULL-SIZE,5.7,8,16.1,10.0,13.4,308
300 AWD FFV,FULL-SIZE,3.6,6,12.8,8.6,10.9,251
300 AWD FFV,FULL-SIZE,3.6,6,17.3,11.7,14.8,237
300 FFV,FULL-SIZE,3.6,6,12.4,7.7,10.3,237
300 FFV,FULL-SIZE,3.6,6,16.8,10.3,13.9,222
300 SRT (MDS),FULL-SIZE,6.4,8,16.7,10.3,13.8,317
TOWN & COUNTRY FFV,MINIVAN,3.6,6,14.1,9.5,12.0,276
TOWN & COUNTRY FFV,MINIVAN,3.6,6,19.7,13.3,16.8,269
AVENGER,MID-SIZE,2.4,4,11.2,8.0,9.8,225
AVENGER,MID-SIZE,2.4,4,12.0,7.6,10.0,230
AVENGER FFV,MID-SIZE,3.6,6,12.5,8.1,10.5,242
AVENGER FFV,MID-SIZE,3.6,6,17.0,11.2,14.4,230
CHALLENGER,MID-SIZE,3.6,6,13.2,8.7,11.2,258
CHALLENGER,MID-SIZE,5.7,8,15.6,10.0,13.1,301
CHALLENGER (MDS),MID-SIZE,5.7,8,15.8,9.2,12.8,294
CHALLENGER SRT,MID-SIZE,6.4,8,16.8,10.4,13.9,320
CHALLENGER SRT (MDS),MID-SIZE,6.4,8,16.7,10.3,13.8,317
CHARGER,FULL-SIZE,3.6,6,13.2,8.7,11.2,258
CHARGER,FULL-SIZE,3.6,6,12.4,7.7,10.3,237
CHARGER (MDS),FULL-SIZE,5.7,8,15.8,9.2,12.8,294
CHARGER AWD,FULL-SIZE,3.6,6,12.8,8.6,10.9,251
CHARGER AWD (MDS),FULL-SIZE,5.7,8,16.1,10.0,13.4,308
CHARGER AWD FFV,FULL-SIZE,3.6,6,12.8,8.6,10.9,251
CHARGER AWD FFV,FULL-SIZE,3.6,6,17.3,11.7,14.8,237
CHARGER FFV,FULL-SIZE,3.6,6,13.2,8.7,11.2,258
CHARGER FFV,FULL-SIZE,3.6,6,18.3,12.6,15.7,251
CHARGER FFV,FULL-SIZE,3.6,6,12.3,7.6,10.2,235
CHARGER FFV,FULL-SIZE,3.6,6,16.8,10.3,13.9,222
CHARGER SRT (MDS),FULL-SIZE,6.4,8,16.7,10.3,13.8,317
DART,MID-SIZE,2.0,4,9.4,6.5,8.1,186
DART,MID-SIZE,2.4,4,10.1,6.8,8.6,198
DART,MID-SIZE,2.4,4,10.5,6.7,8.8,202
DART FFV,MID-SIZE,2.0,4,9.9,7.0,8.6,198
DART FFV,MID-SIZE,2.0,4,14.2,9.8,12.2,195
DART GT,MID-SIZE,2.4,4,10.6,7.5,9.2,212
DART GT,MID-SIZE,2.4,4,10.2,7.0,8.8,202
DART TURBO AERO,MID-SIZE,1.4,4,8.4,5.9,7.3,168
DART TURBO AERO,MID-SIZE,1.4,4,8.5,5.8,7.3,168
DURANGO AWD (MDS),SUV - STANDARD,5.7,8,17.3,10.8,14.4,331
DURANGO AWD FFV,SUV - STANDARD,3.6,6,13.9,9.8,12.1,278
DURANGO AWD FFV,SUV - STANDARD,3.6,6,17.7,13.0,15.6,250
GRAND CARAVAN FFV,MINIVAN,3.6,6,13.7,9.4,11.8,271
GRAND CARAVAN FFV,MINIVAN,3.6,6,19.2,13.1,16.5,264
JOURNEY,SUV - SMALL,2.4,4,12.7,9.1,11.1,255
JOURNEY AWD,SUV - SMALL,3.6,6,14.5,9.9,12.4,285
JOURNEY FFV,SUV - SMALL,3.6,6,14.2,9.4,12.0,276
JOURNEY FFV,SUV - SMALL,3.6,6,18.9,12.9,16.2,259
500 ABARTH CABRIO,MINICOMPACT,1.4,4,8.5,6.9,7.8,179
500 ABARTH HATCHBACK,MINICOMPACT,1.4,4,8.5,6.9,7.8,179
500 CABRIO,MINICOMPACT,1.4,4,8.7,6.9,7.9,182
500 CABRIO,MINICOMPACT,1.4,4,7.9,6.3,7.2,166
500 CABRIO TURBO,MINICOMPACT,1.4,4,8.5,6.9,7.8,179
500 HATCHBACK,MINICOMPACT,1.4,4,8.7,6.9,7.9,182
500 HATCHBACK,MINICOMPACT,1.4,4,7.6,5.9,6.8,156
500 HATCHBACK TURBO,MINICOMPACT,1.4,4,8.5,6.9,7.8,179
500L TURBO,STATION WAGON - SMALL,1.4,4,10.0,7.2,8.7,200
500L TURBO,STATION WAGON - SMALL,1.4,4,9.3,7.2,8.4,193
C-MAX HYBRID,FULL-SIZE,2.0,4,5.6,6.4,6.0,138
E150 VAN FFV,VAN - CARGO,4.6,8,17.7,14.4,16.2,373
E150 VAN FFV,VAN - CARGO,4.6,8,24.1,19.2,21.9,350
E150 VAN FFV,VAN - CARGO,5.4,8,19.3,14.7,17.2,396
E150 VAN FFV,VAN - CARGO,5.4,8,24.9,19.6,22.5,360
E150 WAGON FFV,VAN - PASSENGER,4.6,8,18.6,14.6,16.8,386
E150 WAGON FFV,VAN - PASSENGER,4.6,8,25.5,20.0,23.0,368
E350 WAGON,VAN - PASSENGER,6.8,10,23.9,17.8,21.2,488
E350 WAGON FFV,VAN - PASSENGER,5.4,8,20.6,15.5,18.3,421
E350 WAGON FFV,VAN - PASSENGER,5.4,8,26.7,20.5,23.9,382
EDGE,SUV - SMALL,2.0,4,11.3,7.9,9.8,225
EDGE,SUV - SMALL,3.5,6,12.6,8.7,10.8,248
EDGE AWD,SUV - SMALL,3.5,6,13.3,9.3,11.5,264
EDGE AWD,SUV - SMALL,3.7,6,13.7,10.4,12.2,281
ESCAPE,SUV - SMALL,1.6,4,10.4,7.4,9.1,209
ESCAPE,SUV - SMALL,2.0,4,10.9,8.0,9.6,221
ESCAPE,SUV - SMALL,2.5,4,10.9,7.5,9.4,216
ESCAPE AWD,SUV - SMALL,1.6,4,10.5,7.9,9.3,214
ESCAPE AWD,SUV - SMALL,2.0,4,11.2,8.5,10.0,230
EXPEDITION 4X4 FFV,SUV - STANDARD,5.4,8,18.2,13.3,16.0,368
EXPEDITION 4X4 FFV,SUV - STANDARD,5.4,8,24.5,18.0,21.6,346
EXPLORER,SUV - STANDARD,2.0,4,11.8,8.3,10.2,235
EXPLORER AWD,SUV - STANDARD,3.5,6,14.8,10.7,13.0,299
EXPLORER FFV,SUV - STANDARD,3.5,6,13.7,9.7,11.9,274
EXPLORER FFV,SUV - STANDARD,3.5,6,18.3,12.9,15.9,254
EXPLORER FFV AWD,SUV - STANDARD,3.5,6,14.3,10.3,12.5,288
EXPLORER FFV AWD,SUV - STANDARD,3.5,6,18.9,13.9,16.7,267
F150,PICKUP TRUCK - STANDARD,3.5,6,14.5,10.6,12.7,292
F150,PICKUP TRUCK - STANDARD,3.5,6,14.6,10.6,12.8,294
F150,PICKUP TRUCK - STANDARD,6.2,8,18.3,12.9,15.9,366
F150 4X4,PICKUP TRUCK - STANDARD,3.5,6,15.9,11.3,13.8,317
F150 4X4,PICKUP TRUCK - STANDARD,3.5,6,15.4,11.0,13.4,308
F150 4X4,PICKUP TRUCK - STANDARD,6.2,8,20.1,14.4,17.5,402
F150 FFV,PICKUP TRUCK - STANDARD,3.7,6,14.0,10.3,12.3,283
F150 FFV,PICKUP TRUCK - STANDARD,3.7,6,18.8,13.7,16.5,264
F150 FFV,PICKUP TRUCK - STANDARD,3.7,6,14.0,10.3,12.3,283
F150 FFV,PICKUP TRUCK - STANDARD,3.7,6,18.8,13.7,16.5,264
F150 FFV,PICKUP TRUCK - STANDARD,5.0,8,16.4,12.3,14.6,336
F150 FFV,PICKUP TRUCK - STANDARD,5.0,8,22.1,16.7,19.7,315
F150 FFV,PICKUP TRUCK - STANDARD,5.0,8,16.4,12.3,14.6,336
F150 FFV,PICKUP TRUCK - STANDARD,5.0,8,22.1,16.7,19.7,315
F150 FFV 4X4,PICKUP TRUCK - STANDARD,3.7,6,15.0,11.4,13.4,308
F150 FFV 4X4,PICKUP TRUCK - STANDARD,3.7,6,20.2,15.3,18.0,288
F150 FFV 4X4,PICKUP TRUCK - STANDARD,3.7,6,15.0,11.4,13.4,308
F150 FFV 4X4,PICKUP TRUCK - STANDARD,3.7,6,20.2,15.3,18.0,288
F150 FFV 4X4,PICKUP TRUCK - STANDARD,5.0,8,16.8,12.6,14.9,343
F150 FFV 4X4,PICKUP TRUCK - STANDARD,5.0,8,22.4,17.0,20.0,320
F150 FFV 4X4,PICKUP TRUCK - STANDARD,5.0,8,16.7,12.5,14.8,340
F150 FFV 4X4,PICKUP TRUCK - STANDARD,5.0,8,22.4,16.9,19.9,318
F150 RAPTOR 4X4,PICKUP TRUCK - STANDARD,6.2,8,20.4,15.0,18.0,414
FIESTA,SUBCOMPACT,1.6,4,8.5,6.5,7.6,175
FIESTA,SUBCOMPACT,1.6,4,8.6,6.4,7.6,175
FIESTA SFE,SUBCOMPACT,1.0,4,7.5,5.5,6.6,152
FIESTA SFE,SUBCOMPACT,1.6,4,8.0,5.8,7.0,161
FIESTA ST,COMPACT,1.6,4,8.9,6.8,8.0,184
FLEX,SUV - STANDARD,3.5,6,13.2,9.4,11.5,264
FLEX AWD,SUV - STANDARD,3.5,6,13.7,10.2,12.1,278
FLEX AWD (EcoBoost),SUV - STANDARD,3.5,6,14.8,10.4,12.8,294
FOCUS,COMPACT,2.0,4,10.2,7.4,8.9,205
FOCUS FFV,COMPACT,2.0,4,8.8,6.4,7.7,177
FOCUS FFV,COMPACT,2.0,4,11.7,8.5,10.3,165
FOCUS FFV,COMPACT,2.0,4,8.9,6.4,7.8,179
FOCUS FFV,COMPACT,2.0,4,11.7,8.5,10.3,165
FOCUS FFV,COMPACT,2.0,4,9.1,6.6,8.0,184
FOCUS FFV,COMPACT,2.0,4,11.9,8.9,10.6,170
FOCUS SFE FFV,COMPACT,2.0,4,8.4,5.8,7.2,166
FOCUS SFE FFV,COMPACT,2.0,4,11.6,8.3,10.1,162
FUSION,MID-SIZE,1.5,4,10.1,6.6,8.5,196
FUSION,MID-SIZE,1.6,4,9.4,6.4,8.1,186
FUSION,MID-SIZE,2.0,4,10.5,7.1,9.0,207
FUSION,MID-SIZE,2.5,4,10.5,7.0,8.9,205
FUSION (Start/Stop),MID-SIZE,1.5,4,9.5,6.3,8.1,186
FUSION AWD,MID-SIZE,2.0,4,10.9,7.5,9.4,216
FUSION HYBRID,MID-SIZE,2.0,4,5.3,5.7,5.5,126
MUSTANG,SUBCOMPACT,3.7,6,12.1,7.8,10.2,235
MUSTANG,SUBCOMPACT,3.7,6,12.7,8.1,10.6,244
MUSTANG,SUBCOMPACT,5.0,8,13.3,9.3,11.5,264
MUSTANG,SUBCOMPACT,5.0,8,15.4,9.4,12.7,292
MUSTANG,SUBCOMPACT,5.8,8,15.9,9.9,13.2,304
MUSTANG CONVERTIBLE,SUBCOMPACT,3.7,6,12.5,8.2,10.6,244
TAURUS,FULL-SIZE,2.0,4,10.5,7.3,9.1,209
TAURUS AWD,FULL-SIZE,3.5,6,13.7,9.4,11.8,271
TAURUS FFV,FULL-SIZE,3.5,6,12.1,8.1,10.3,237
TAURUS FFV,FULL-SIZE,3.5,6,17.0,11.1,14.3,229
TAURUS FFV AWD,FULL-SIZE,3.5,6,13.0,9.1,11.2,258
TAURUS FFV AWD,FULL-SIZE,3.5,6,18.4,12.5,15.7,251
TRANSIT CONNECT,SPECIAL PURPOSE VEHICLE,1.6,4,10.8,8.0,9.5,218
TRANSIT CONNECT,SPECIAL PURPOSE VEHICLE,2.5,4,11.3,8.2,9.9,228
TRANSIT CONNECT TAXI,SPECIAL PURPOSE VEHICLE,1.6,4,11.5,8.3,10.1,232
TRANSIT CONNECT WAGON,SPECIAL PURPOSE VEHICLE,2.5,4,11.9,8.5,10.4,239
ACADIA,SUV - STANDARD,3.6,6,14.3,9.9,12.3,283
ACADIA AWD,SUV - STANDARD,3.6,6,14.9,10.4,12.9,297
SAVANA 1500 CARGO,VAN - CARGO,4.3,6,17.1,12.7,15.1,347
SAVANA 1500 CARGO,VAN - CARGO,5.3,8,18.0,13.4,15.9,366
SAVANA 1500 CARGO,VAN - CARGO,5.3,8,23.5,17.7,20.9,334
SAVANA 1500 CARGO AWD,VAN - CARGO,5.3,8,18.3,14.2,16.5,380
SAVANA 1500 CARGO AWD,VAN - CARGO,5.3,8,23.7,18.8,21.5,344
SAVANA 1500 CARGO CONV,VAN - CARGO,5.3,8,18.6,13.9,16.5,380
SAVANA 1500 CARGO CONV,VAN - CARGO,5.3,8,23.9,18.5,21.5,344
SAVANA 1500 CARGO CONV AWD,VAN - CARGO,5.3,8,18.3,14.2,16.5,380
SAVANA 1500 CARGO CONV AWD,VAN - CARGO,5.3,8,25.3,19.3,22.6,362
SAVANA 1500 PASSENGER,VAN - PASSENGER,5.3,8,18.6,13.9,16.5,380
SAVANA 1500 PASSENGER,VAN - PASSENGER,5.3,8,23.9,18.5,21.5,344
SAVANA 1500 PASSENGER AWD,VAN - PASSENGER,5.3,8,18.3,14.2,16.5,380
SAVANA 1500 PASSENGER AWD,VAN - PASSENGER,5.3,8,25.3,19.3,22.6,362
SAVANA 2500 PASSENGER,VAN - PASSENGER,4.8,8,21.1,14.2,18.0,414
SAVANA 2500 PASSENGER,VAN - PASSENGER,6.0,8,21.9,15.0,18.8,432
SAVANA 2500 PASSENGER,VAN - PASSENGER,6.0,8,30.0,20.4,25.7,411
SAVANA 3500 PASSENGER,VAN - PASSENGER,4.8,8,21.3,14.3,18.2,419
SAVANA 3500 PASSENGER,VAN - PASSENGER,6.0,8,22.1,15.0,18.9,435
SAVANA 3500 PASSENGER,VAN - PASSENGER,6.0,8,30.2,20.5,25.8,413
SIERRA,PICKUP TRUCK - STANDARD,4.3,6,13.4,9.9,11.8,271
SIERRA,PICKUP TRUCK - STANDARD,4.3,6,18.9,14.2,16.8,269
SIERRA,PICKUP TRUCK - STANDARD,5.3,8,14.6,10.3,12.7,292
SIERRA,PICKUP TRUCK - STANDARD,5.3,8,19.5,13.7,16.9,270
SIERRA,PICKUP TRUCK - STANDARD,6.2,8,16.3,11.4,14.1,324
SIERRA 4WD,PICKUP TRUCK - STANDARD,4.3,6,14.2,10.6,12.6,290
SIERRA 4WD,PICKUP TRUCK - STANDARD,4.3,6,20.0,15.1,17.8,285
SIERRA 4WD,PICKUP TRUCK - STANDARD,5.3,8,14.9,10.6,13.0,299
SIERRA 4WD,PICKUP TRUCK - STANDARD,5.3,8,19.9,14.2,17.3,277
SIERRA 4WD,PICKUP TRUCK - STANDARD,6.2,8,16.4,11.7,14.3,329
TERRAIN,SUV - SMALL,2.4,4,10.5,7.3,9.1,209
TERRAIN,SUV - SMALL,3.6,6,13.9,9.6,12.0,276
TERRAIN,SUV - SMALL,3.6,6,18.8,13.1,16.2,259
TERRAIN AWD,SUV - SMALL,2.4,4,11.5,8.2,10.0,230
TERRAIN AWD,SUV - SMALL,3.6,6,14.8,9.9,12.6,290
TERRAIN AWD,SUV - SMALL,3.6,6,19.8,13.6,17.0,272
YUKON,SUV - STANDARD,5.3,8,16.0,11.1,13.8,317
YUKON,SUV - STANDARD,5.3,8,21.5,14.6,18.4,294
YUKON 4WD,SUV - STANDARD,5.3,8,16.0,11.1,13.8,317
YUKON 4WD,SUV - STANDARD,5.3,8,21.5,14.6,18.4,294
YUKON DENALI AWD,SUV - STANDARD,6.2,8,17.0,11.8,14.7,338
YUKON DENALI AWD,SUV - STANDARD,6.2,8,23.3,16.1,20.1,322
YUKON DENALI XL AWD,SUV - STANDARD,6.2,8,18.8,13.4,16.4,377
YUKON DENALI XL AWD,SUV - STANDARD,6.2,8,25.7,17.8,22.1,354
YUKON XL,SUV - STANDARD,5.3,8,16.0,11.1,13.8,317
YUKON XL,SUV - STANDARD,5.3,8,21.5,14.6,18.4,294
YUKON XL 4WD,SUV - STANDARD,5.3,8,16.0,11.1,13.8,317
YUKON XL 4WD,SUV - STANDARD,5.3,8,21.5,14.6,18.4,294
ACCORD,MID-SIZE,2.4,4,9.0,6.6,7.9,182
ACCORD,MID-SIZE,2.4,4,9.1,6.9,8.1,186
ACCORD,MID-SIZE,2.4,4,10.1,6.9,8.7,200
ACCORD,MID-SIZE,3.5,6,11.0,6.8,9.1,209
ACCORD,MID-SIZE,3.5,6,11.4,7.3,9.6,221
ACCORD,MID-SIZE,3.5,6,13.0,8.4,10.9,251
ACCORD HYBRID,MID-SIZE,2.0,4,4.7,4.9,4.8,110
CIVIC,COMPACT,1.8,4,7.9,6.0,7.0,161
CIVIC,COMPACT,1.8,4,8.1,6.2,7.2,166
CIVIC,COMPACT,1.8,4,8.5,6.6,7.6,175
CROSSTOUR AWD,SUV - SMALL,3.5,6,12.5,8.5,10.7,246
CR-V,SUV - SMALL,2.4,4,10.3,7.6,9.1,209
CR-V AWD,SUV - SMALL,2.4,4,10.6,7.9,9.4,216
CR-Z,TWO-SEATER,1.5,4,6.6,6.0,6.3,145
CR-Z,TWO-SEATER,1.5,4,7.6,6.1,6.9,159
FIT,STATION WAGON - SMALL,1.5,4,8.3,6.5,7.5,172
FIT,STATION WAGON - SMALL,1.5,4,8.3,6.9,7.7,177
ODYSSEY,MINIVAN,3.5,6,12.3,8.5,10.6,244
PILOT,SUV - SMALL,3.5,6,13.3,9.3,11.5,265
PILOT AWD,SUV - SMALL,3.5,6,13.9,9.7,12.0,276
RIDGELINE AWD,PICKUP TRUCK - STANDARD,3.5,6,15.2,11.3,13.4,308
ACCENT,COMPACT,1.6,4,8.8,6.3,7.7,177
ACCENT,COMPACT,1.6,4,8.7,6.4,7.7,177
ELANTRA GT,MID-SIZE,2.0,4,9.8,7.2,8.6,198
ELANTRA GT,MID-SIZE,2.0,4,9.8,7.0,8.5,196
EQUUS,FULL-SIZE,5.0,8,15.7,10.2,13.2,304
GENESIS,FULL-SIZE,3.8,6,13.0,8.7,11.1,255
SANTA FE,SUV - SMALL,3.3,6,13.0,9.1,11.2,258
SANTA FE 4WD,SUV - SMALL,3.3,6,13.3,9.5,11.6,267
SANTA FE SPORT,SUV - SMALL,2.4,4,11.6,8.7,10.3,237
SANTA FE SPORT 4WD,SUV - SMALL,2.0,4,12.9,9.7,11.5,264
SANTA FE SPORT 4WD,SUV - SMALL,2.4,4,12.5,9.4,11.1,255
SONATA,FULL-SIZE,2.0,4,11.4,7.5,9.6,221
SONATA,FULL-SIZE,2.4,4,9.8,7.0,8.5,196
SONATA HYBRID,MID-SIZE,2.4,4,6.5,5.9,6.2,143
SONATA HYBRID LIMITED,MID-SIZE,2.4,4,6.6,5.9,6.3,145
TUCSON,SUV - SMALL,2.0,4,10.2,8.2,9.3,214
TUCSON,SUV - SMALL,2.0,4,11.4,8.6,10.1,232
TUCSON,SUV - SMALL,2.4,4,11.3,8.3,10.0,230
TUCSON 4WD,SUV - SMALL,2.0,4,11.4,9.3,10.5,242
TUCSON 4WD,SUV - SMALL,2.4,4,11.6,9.3,10.6,244
VELOSTER,COMPACT,1.6,4,8.6,6.6,7.7,177
VELOSTER,COMPACT,1.6,4,9.1,6.7,8.0,184
VELOSTER TURBO,COMPACT,1.6,4,9.9,7.5,8.8,202
VELOSTER TURBO,COMPACT,1.6,4,9.7,7.1,8.5,196
Q50,MID-SIZE,3.7,6,12.0,8.0,10.2,235
Q50 AWD,MID-SIZE,3.7,6,12.6,8.7,10.8,248
Q50 HYBRID,COMPACT,3.5,6,8.2,6.7,7.5,172
Q50 HYBRID AWD,COMPACT,3.5,6,8.7,7.5,8.2,189
Q60 AWD COUPE,SUBCOMPACT,3.7,6,13.3,9.4,11.5,265
Q60 CONVERTIBLE,SUBCOMPACT,3.7,6,13.6,9.3,11.7,269
Q60 CONVERTIBLE,SUBCOMPACT,3.7,6,14.3,9.8,12.3,283
Q60 COUPE,SUBCOMPACT,3.7,6,12.9,8.9,11.1,255
Q60 COUPE,SUBCOMPACT,3.7,6,13.5,9.3,11.6,267
Q70,MID-SIZE,3.7,6,12.8,8.9,11.0,253
Q70,MID-SIZE,5.6,8,14.5,9.5,12.3,283
Q70 AWD,MID-SIZE,3.7,6,13.2,9.6,11.6,267
Q70 AWD,MID-SIZE,5.6,8,15.0,10.2,12.8,294
Q70 HYBRID,MID-SIZE,3.5,6,8.0,7.0,7.6,175
QX50 AWD,STATION WAGON - SMALL,3.7,6,13.6,9.6,11.8,271
QX60,SUV - SMALL,3.5,6,11.9,9.0,10.6,244
QX60 AWD,SUV - SMALL,3.5,6,12.3,9.3,11.0,253
QX60 HYBRID AWD,SUV - STANDARD,2.5,4,8.8,8.2,8.5,196
QX70 AWD,SUV - SMALL,3.7,6,14.5,10.7,12.8,294
QX70 AWD,SUV - SMALL,5.0,8,16.6,11.9,14.5,334
QX80 4WD,SUV - STANDARD,5.6,8,17.4,12.1,15.0,345
F-TYPE CONVERTIBLE,TWO-SEATER,3.0,6,11.8,8.4,10.3,237
F-TYPE S CONVERTIBLE,TWO-SEATER,3.0,6,12.2,8.7,10.6,244
F-TYPE V8 S CONVERTIBLE,TWO-SEATER,5.0,8,15.0,10.2,12.8,294
XF,MID-SIZE,2.0,4,12.3,8.2,10.5,242
XF 3.0L AWD,MID-SIZE,3.0,6,14.7,9.1,12.2,281
XFR,MID-SIZE,5.0,8,15.7,10.3,13.3,306
XFR,MID-SIZE,5.0,8,21.3,14.1,18.1,290
XFR-S,MID-SIZE,5.0,8,15.7,10.3,13.3,306
XJ AWD,FULL-SIZE,3.0,6,14.6,9.6,12.4,285
XJ SUPERCHARGED,FULL-SIZE,5.0,8,15.8,10.2,13.3,306
XJ SUPERCHARGED,FULL-SIZE,5.0,8,20.6,13.6,17.5,280
XJL AWD PORTFOLIO,FULL-SIZE,3.0,6,14.7,9.6,12.4,285
XJL SUPERCHARGED,FULL-SIZE,5.0,8,15.8,10.2,13.3,306
XJL SUPERCHARGED,FULL-SIZE,5.0,8,20.6,13.6,17.5,280
XJR,FULL-SIZE,5.0,8,15.8,10.2,13.3,306
XJR LWB,FULL-SIZE,5.0,8,15.8,10.2,13.3,306
XK CONVERTIBLE,MINICOMPACT,5.0,8,15.1,10.6,13.1,301
XK COUPE,MINICOMPACT,5.0,8,14.8,9.9,12.6,290
XKR CONVERTIBLE,MINICOMPACT,5.0,8,15.9,10.9,13.7,315
XKR COUPE,MINICOMPACT,5.0,8,15.6,10.9,13.5,310
XKR-S CONVERTIBLE,MINICOMPACT,5.0,8,15.9,10.9,13.7,315
XKR-S COUPE,MINICOMPACT,5.0,8,15.6,10.9,13.5,310
CHEROKEE,SUV - SMALL,2.4,4,10.9,7.7,9.5,218
CHEROKEE,SUV - SMALL,3.2,6,12.3,8.3,10.5,242
CHEROKEE 4X4,SUV - SMALL,2.4,4,11.3,8.3,10.0,230
CHEROKEE 4X4,SUV - SMALL,3.2,6,12.5,8.8,10.8,248
CHEROKEE 4X4 Active Drive II,SUV - SMALL,2.4,4,11.4,8.6,10.1,232
CHEROKEE 4X4 Active Drive II,SUV - SMALL,3.2,6,12.5,9.1,11.0,253
CHEROKEE TRAILHAWK 4X4,SUV - SMALL,2.4,4,12.1,9.4,10.9,251
CHEROKEE TRAILHAWK 4X4,SUV - SMALL,3.2,6,13.4,9.5,11.6,267
COMPASS,SUV - SMALL,2.0,4,11.1,8.3,9.8,225
COMPASS,SUV - SMALL,2.0,4,10.2,7.8,9.1,209
COMPASS,SUV - SMALL,2.4,4,11.1,8.3,9.8,225
COMPASS,SUV - SMALL,2.4,4,10.3,8.3,9.4,216
COMPASS 4X4,SUV - SMALL,2.4,4,11.4,8.7,10.2,235
COMPASS 4X4,SUV - SMALL,2.4,4,10.3,8.4,9.4,216
COMPASS 4X4 TRAIL RATED,SUV - SMALL,2.4,4,11.7,10.3,11.1,255
GRAND CHEROKEE 4X4 (MDS),SUV - STANDARD,5.7,8,17.3,11.7,14.8,340
GRAND CHEROKEE 4X4 DIESEL,SUV - STANDARD,3.0,6,11.2,8.4,9.9,267
GRAND CHEROKEE 4X4 FFV,SUV - STANDARD,3.6,6,13.9,9.8,12.1,278
GRAND CHEROKEE 4X4 FFV,SUV - STANDARD,3.6,6,17.7,13.0,15.6,250
GRAND CHEROKEE 4X4 SRT (MDS),SUV - STANDARD,6.4,8,18.5,12.6,15.8,363
PATRIOT,SUV - SMALL,2.0,4,11.1,8.3,9.8,225
PATRIOT,SUV - SMALL,2.0,4,10.2,7.8,9.1,209
PATRIOT,SUV - SMALL,2.4,4,11.1,8.3,9.8,225
PATRIOT,SUV - SMALL,2.4,4,10.3,8.3,9.4,216
PATRIOT 4X4,SUV - SMALL,2.4,4,11.4,8.7,10.2,235
PATRIOT 4X4,SUV - SMALL,2.4,4,10.3,8.4,9.4,216
PATRIOT 4X4 TRAIL RATED,SUV - SMALL,2.4,4,11.7,10.3,11.1,255
WRANGLER 4X4 (2-DOOR),SUV - SMALL,3.6,6,14.1,11.1,12.8,294
WRANGLER 4X4 (2-DOOR),SUV - SMALL,3.6,6,14.2,11.0,12.8,294
WRANGLER UNLIMITED 4X4 (4-DOOR),SUV - SMALL,3.6,6,14.8,11.7,13.4,308
WRANGLER UNLIMITED 4X4 (4-DOOR),SUV - SMALL,3.6,6,15.0,11.4,13.4,308
CADENZA,FULL-SIZE,3.3,6,12.7,8.8,10.9,251
FORTE,MID-SIZE,1.8,4,9.6,6.6,8.3,191
FORTE,MID-SIZE,1.8,4,9.3,6.4,8.0,184
FORTE,MID-SIZE,2.0,4,9.8,6.6,8.4,193
FORTE,MID-SIZE,2.0,4,9.7,6.8,8.4,193
FORTE 5,FULL-SIZE,1.6,4,11.1,8.0,9.7,223
FORTE 5,FULL-SIZE,1.6,4,11.1,8.2,9.8,225
FORTE 5,FULL-SIZE,2.0,4,9.7,6.8,8.4,193
FORTE 5,FULL-SIZE,2.0,4,9.8,7.0,8.5,196
FORTE KOUP,COMPACT,1.6,4,10.6,7.9,9.4,216
FORTE KOUP,COMPACT,1.6,4,10.8,8.1,9.6,221
FORTE KOUP,COMPACT,2.0,4,9.6,7.0,8.4,193
FORTE KOUP,COMPACT,2.0,4,9.8,7.2,8.6,198
OPTIMA,MID-SIZE,2.0,4,11.7,7.6,9.9,228
OPTIMA,MID-SIZE,2.4,4,10.2,6.8,8.7,200
RIO,COMPACT,1.6,4,8.7,6.3,7.6,175
RIO,COMPACT,1.6,4,8.7,6.4,7.7,177
RIO ECO,COMPACT,1.6,4,8.5,6.4,7.6,175
RONDO,STATION WAGON - MID-SIZE,2.0,4,10.5,7.5,9.2,212
RONDO,STATION WAGON - MID-SIZE,2.0,4,10.8,7.4,9.3,214
SEDONA,MINIVAN,3.5,6,13.7,9.9,12.0,276
SORENTO,SUV - SMALL,2.4,4,11.8,8.5,10.3,237
SORENTO,SUV - SMALL,3.3,6,12.9,9.5,11.4,262
SORENTO 4WD,SUV - SMALL,2.4,4,12.3,9.3,11.0,253
SORENTO 4WD,SUV - SMALL,3.3,6,13.4,9.9,11.8,271
SOUL,STATION WAGON - SMALL,1.6,4,9.8,7.9,8.9,205
SOUL,STATION WAGON - SMALL,1.6,4,9.9,7.8,9.0,207
SOUL,STATION WAGON - SMALL,2.0,4,10.1,7.8,9.1,209
SOUL ECO Dynamics,STATION WAGON - SMALL,2.0,4,9.7,7.8,8.8,202
SPORTAGE,SUV - SMALL,2.4,4,11.4,8.3,10.0,230
SPORTAGE,SUV - SMALL,2.4,4,12.9,9.3,11.3,260
SPORTAGE AWD,SUV - SMALL,2.0,4,12.7,9.7,11.4,262
SPORTAGE AWD,SUV - SMALL,2.4,4,12.0,9.1,10.7,246
AVENTADOR COUPE,TWO-SEATER,6.5,12,22.8,12.9,18.3,421
GALLARDO COUPE,TWO-SEATER,5.2,10,18.0,12.8,15.7,361
GALLARDO COUPE,TWO-SEATER,5.2,10,20.6,13.5,17.4,400
LR2,SUV - SMALL,2.0,4,13.5,9.9,11.9,274
LR4,SUV - STANDARD,3.0,6,16.3,12.4,14.5,334
RANGE ROVER EVOQUE,SUV - SMALL,2.0,4,11.3,7.9,9.8,225
RANGE ROVER EVOQUE COUPE,SUV - SMALL,2.0,4,11.3,7.9,9.8,225
RANGE ROVER LWB V8 5.0 SC,SUV - STANDARD,5.0,8,18.0,12.2,15.4,354
RANGE ROVER LWB V8 5.0 SC FFV,SUV - STANDARD,5.0,8,17.2,12.5,15.1,347
RANGE ROVER LWB V8 5.0 SC FFV,SUV - STANDARD,5.0,8,25.0,16.9,21.4,342
RANGE ROVER SPORT V6 3.0 SC,SUV - STANDARD,3.0,6,14.2,10.2,12.4,285
RANGE ROVER SPORT V6 3.0 SC FFV,SUV - STANDARD,3.0,6,14.2,10.2,12.4,285
RANGE ROVER SPORT V6 3.0 SC FFV,SUV - STANDARD,3.0,6,19.4,14.9,17.4,278
RANGE ROVER SPORT V8 5.0 SC,SUV - STANDARD,5.0,8,17.3,12.2,15.0,345
RANGE ROVER SPORT V8 5.0 SC FFV,SUV - STANDARD,5.0,8,16.6,12.3,14.7,338
RANGE ROVER SPORT V8 5.0 SC FFV,SUV - STANDARD,5.0,8,24.0,16.6,20.7,331
RANGE ROVER V6 3.0 SC,SUV - STANDARD,3.0,6,14.1,10.1,12.3,283
RANGE ROVER V6 3.0 SC FFV,SUV - STANDARD,3.0,6,14.1,10.1,12.3,283
RANGE ROVER V6 3.0 SC FFV,SUV - STANDARD,3.0,6,19.4,14.8,17.3,277
RANGE ROVER V8 5.0 SC,SUV - STANDARD,5.0,8,18.0,12.2,15.4,354
RANGE ROVER V8 5.0 SC FFV,SUV - STANDARD,5.0,8,17.2,12.5,15.1,347
RANGE ROVER V8 5.0 SC FFV,SUV - STANDARD,5.0,8,25.0,16.9,21.4,342
CT 200h,COMPACT,1.8,4,5.5,5.8,5.6,129
ES 300h,MID-SIZE,2.5,4,5.8,6.2,6.0,138
ES 350,MID-SIZE,3.5,6,11.3,7.6,9.6,221
GS 350,MID-SIZE,3.5,6,12.1,8.3,10.4,239
GS 350 AWD,MID-SIZE,3.5,6,12.5,9.1,11.0,253
GS 450h,MID-SIZE,3.5,6,7.7,7.4,7.6,175
GX 460,SUV - STANDARD,4.6,8,15.7,11.8,13.9,320
IS 250,COMPACT,2.5,6,11.2,7.8,9.7,223
IS 250 AWD,COMPACT,2.5,6,11.8,8.7,10.4,239
IS 250 C,SUBCOMPACT,2.5,6,11.2,7.8,9.7,223
IS 350,COMPACT,3.5,6,12.2,8.7,10.6,244
IS 350 AWD,COMPACT,3.5,6,12.5,9.1,11.0,253
IS 350 C,SUBCOMPACT,3.5,6,12.1,8.7,10.6,244
IS F,SUBCOMPACT,5.0,8,14.6,10.1,12.6,290
LS 460,MID-SIZE,4.6,8,14.5,9.6,12.3,283
LS 460 AWD,MID-SIZE,4.6,8,15.1,10.3,12.9,297
LS 460 L AWD,MID-SIZE,4.6,8,15.1,10.3,12.9,297
LS 600h L,MID-SIZE,5.0,8,12.0,10.7,11.4,262
LX 570,SUV - STANDARD,5.7,8,18.8,13.6,16.5,380
RX 350 AWD,SUV - SMALL,3.5,6,13.3,9.8,11.7,269
RX 350 AWD,SUV - SMALL,3.5,6,12.7,9.1,11.1,255
RX 450h AWD,SUV - SMALL,3.5,6,7.9,8.6,8.2,189
MKS AWD,FULL-SIZE,3.5,6,13.7,9.4,11.8,271
MKS AWD,FULL-SIZE,3.7,6,13.1,9.0,11.3,260
MKT AWD,SUV - STANDARD,3.5,6,14.8,10.4,12.8,294
MKT LIVERY,SPECIAL PURPOSE VEHICLE,2.0,4,11.5,8.5,10.2,235
MKT LIVERY AWD,SPECIAL PURPOSE VEHICLE,3.7,6,14.0,9.9,12.2,281
MKX AWD,SUV - SMALL,3.7,6,13.7,10.4,12.2,281
MKZ,MID-SIZE,2.0,4,10.5,7.1,9.0,207
MKZ AWD,MID-SIZE,3.7,6,13.1,9.3,11.4,262
MKZ HYBRID,MID-SIZE,2.0,4,6.2,6.4,6.3,145
NAVIGATOR 4X4 FFV,SUV - STANDARD,5.4,8,18.2,13.3,16.0,368
NAVIGATOR 4X4 FFV,SUV - STANDARD,5.4,8,24.5,18.0,21.6,346
GHIBLI,MID-SIZE,3.0,6,15.2,9.6,12.7,292
GHIBLI AWD,MID-SIZE,3.0,6,15.2,9.6,12.7,292
GRANTURISMO,SUBCOMPACT,4.7,8,18.2,11.4,15.1,347
GRANTURISMO CONVERTIBLE,SUBCOMPACT,4.7,8,18.2,11.7,15.3,352
QUATTROPORTE GTS,FULL-SIZE,3.8,8,17.6,10.7,14.5,334
QUATTROPORTE SQ4,FULL-SIZE,3.0,6,15.9,9.7,13.1,301
CX-5,SUV - SMALL,2.0,4,8.9,7.3,8.2,189
CX-5,SUV - SMALL,2.0,4,9.0,6.8,8.0,184
CX-5,SUV - SMALL,2.5,4,9.6,7.4,8.6,198
CX-5 4WD,SUV - SMALL,2.0,4,9.3,7.6,8.5,196
CX-5 4WD,SUV - SMALL,2.5,4,9.8,7.9,8.9,205
CX-9,SUV - SMALL,3.7,6,14.2,10.0,12.3,283
CX-9 4WD,SUV - SMALL,3.7,6,14.3,10.6,12.6,290
MAZDA2,COMPACT,1.5,4,8.4,6.9,7.7,177
MAZDA2,COMPACT,1.5,4,8.0,6.7,7.4,170
MAZDA3 4-DOOR,COMPACT,2.0,4,7.9,5.7,6.9,159
MAZDA3 4-DOOR,COMPACT,2.0,4,8.0,5.8,7.0,161
MAZDA3 4-DOOR,COMPACT,2.5,4,8.4,6.1,7.4,170
MAZDA3 4-DOOR (i-ELOOP),COMPACT,2.5,4,8.3,6.1,7.3,168
MAZDA3 4-DOOR (SIL),COMPACT,2.0,4,8.0,5.8,7.0,161
MAZDA3 5-DOOR,MID-SIZE,2.0,4,8.0,5.9,7.1,163
MAZDA3 5-DOOR,MID-SIZE,2.0,4,8.2,5.9,7.2,166
MAZDA3 5-DOOR,MID-SIZE,2.5,4,8.7,6.5,7.7,177
MAZDA3 5-DOOR (i-ELOOP),MID-SIZE,2.5,4,8.2,6.1,7.3,168
MAZDA3 5-DOOR (SIL),MID-SIZE,2.0,4,8.2,5.9,7.2,166
MAZDA5,MINIVAN,2.5,4,10.8,8.4,9.7,223
MAZDA5,MINIVAN,2.5,4,11.1,8.3,9.8,225
MAZDA6,MID-SIZE,2.5,4,8.8,6.2,7.6,175
MAZDA6,MID-SIZE,2.5,4,9.4,6.4,8.1,186
MAZDA6 (i-ELOOP),MID-SIZE,2.5,4,8.4,5.9,7.3,168
MX-5,TWO-SEATER,2.0,4,11.5,8.5,10.2,235
MX-5,TWO-SEATER,2.0,4,10.5,8.5,9.6,221
MX-5,TWO-SEATER,2.0,4,11.1,8.4,9.9,228
B 250,STATION WAGON - SMALL,2.0,4,9.2,6.6,8.0,184
C 250,COMPACT,1.8,4,10.9,7.5,9.4,216
C 250 COUPE,SUBCOMPACT,1.8,4,11.0,7.4,9.4,216
C 300 4MATIC FFV,COMPACT,3.5,6,12.2,8.5,10.5,242
C 300 4MATIC FFV,COMPACT,3.5,6,16.4,11.1,14.0,224
C 350,COMPACT,3.5,6,12.0,8.6,10.5,242
C 350 4MATIC,COMPACT,3.5,6,11.9,8.6,10.4,239
C 350 4MATIC COUPE,SUBCOMPACT,3.5,6,12.1,8.7,10.6,244
C 350 COUPE,SUBCOMPACT,3.5,6,12.1,8.6,10.5,242
C 63 AMG,COMPACT,6.2,8,17.7,11.9,15.1,347
C 63 AMG COUPE,SUBCOMPACT,6.2,8,17.9,12.2,15.3,352
CL 550 4MATIC,COMPACT,4.7,8,15.4,10.4,13.2,304
CL 63 AMG,COMPACT,5.5,8,15.4,11.0,13.4,308
CLA 250,COMPACT,2.0,4,9.1,6.2,7.8,179
CLA 45 AMG 4MATIC,COMPACT,2.0,4,10.3,7.8,9.2,212
CLS 550 4MATIC,COMPACT,4.7,8,13.3,9.4,11.5,264
CLS 63 AMG 4MATIC,COMPACT,5.5,8,15.1,10.7,13.1,301
CLS 63 AMG S 4MATIC,COMPACT,5.5,8,15.1,10.7,13.1,301
E 250 BLUETEC 4MATIC,MID-SIZE,2.1,4,8.5,5.7,7.2,194
E 300 4MATIC,MID-SIZE,3.5,6,11.8,8.2,10.2,235
E 350 4MATIC,MID-SIZE,3.5,6,11.6,8.1,10.0,230
E 350 4MATIC COUPE,SUBCOMPACT,3.5,6,11.9,8.5,10.4,239
E 350 4MATIC WAGON,STATION WAGON - MID-SIZE,3.5,6,12.1,8.6,10.5,242
E 350 CABRIOLET,SUBCOMPACT,3.5,6,12.0,8.5,10.4,239
E 350 COUPE,SUBCOMPACT,3.5,6,11.9,8.2,10.2,235
E 400 HYBRID,MID-SIZE,3.5,6,9.6,7.9,8.8,202
E 550 4MATIC,MID-SIZE,4.7,8,13.6,9.1,11.6,267
E 550 CABRIOLET,SUBCOMPACT,4.7,8,13.7,9.3,11.7,269
E 550 COUPE,SUBCOMPACT,4.7,8,13.4,8.9,11.4,262
E 63 AMG 4MATIC,MID-SIZE,5.5,8,15.0,10.3,12.9,297
E 63 AMG 4MATIC WAGON,STATION WAGON - MID-SIZE,5.5,8,15.5,11.0,13.5,310
E 63 AMG S 4MATIC,MID-SIZE,5.5,8,15.0,10.3,12.9,297
E 63 AMG S 4MATIC WAGON,STATION WAGON - MID-SIZE,5.5,8,15.5,11.0,13.5,310
G 550,SUV - STANDARD,5.5,8,20.0,15.9,18.2,419
G 63 AMG,SUV - STANDARD,5.5,8,19.4,15.7,17.7,407
GL 350 BLUETEC 4MATIC,SUV - STANDARD,3.0,6,13.4,10.2,12.0,324
GL 450 4MATIC,SUV - STANDARD,4.7,8,17.1,12.8,15.2,350
GL 550 4MATIC,SUV - STANDARD,4.7,8,17.6,13.1,15.6,359
GL 63 AMG,SUV - STANDARD,5.5,8,17.7,13.4,15.8,363
GLK 250 BLUETEC 4MATIC,SUV - SMALL,2.1,4,9.6,7.1,8.5,230
GLK 350 4MATIC,SUV - SMALL,3.5,6,12.6,9.6,11.3,260
ML 350 4MATIC FFV,SUV - STANDARD,3.5,6,13.4,10.5,12.1,278
ML 350 4MATIC FFV,SUV - STANDARD,3.5,6,17.8,13.8,16.0,256
ML 350 BLUETEC 4MATIC,SUV - STANDARD,3.0,6,11.8,8.5,10.3,278
ML 550 4MATIC,SUV - STANDARD,4.7,8,16.2,11.8,14.2,327
ML 63 AMG 4MATIC,SUV - STANDARD,5.5,8,17.2,13.5,15.5,356
S 550 4MATIC LWB,FULL-SIZE,4.7,8,14.3,9.5,12.1,278
S 550 4MATIC SWB,FULL-SIZE,4.7,8,14.2,9.4,12.0,276
S 63 AMG 4MATIC,FULL-SIZE,5.5,8,15.6,10.3,13.2,304
SL 550,TWO-SEATER,4.7,8,13.4,9.6,11.7,269
SL 63 AMG,TWO-SEATER,5.5,8,14.8,10.2,12.7,292
SL 65 AMG,TWO-SEATER,6.0,8,16.7,11.2,14.2,327
SLK 250,TWO-SEATER,1.8,4,10.3,7.2,8.9,205
SLK 250,TWO-SEATER,1.8,4,10.4,7.3,9.0,207
SLK 350,TWO-SEATER,3.5,6,11.1,8.1,9.8,225
SLK 55 AMG,TWO-SEATER,5.5,8,12.3,8.7,10.7,246
SLS AMG BLACK SERIES COUPE,TWO-SEATER,6.2,8,18.7,13.9,16.5,380
SLS AMG GT COUPE,TWO-SEATER,6.2,8,18.2,12.6,15.7,361
SLS AMG ROADSTER,TWO-SEATER,6.2,8,18.2,12.6,15.7,361
COOPER CLUBMAN,SUBCOMPACT,1.6,4,8.7,6.6,7.8,179
COOPER CLUBMAN,SUBCOMPACT,1.6,4,8.6,6.8,7.8,179
COOPER CONVERTIBLE,MINICOMPACT,1.6,4,8.7,6.6,7.8,179
COOPER CONVERTIBLE,MINICOMPACT,1.6,4,8.6,6.8,7.8,179
COOPER COUNTRYMAN,COMPACT,1.6,4,9.4,7.9,8.7,200
COOPER COUNTRYMAN,COMPACT,1.6,4,8.6,6.8,7.8,179
COOPER COUPE,TWO-SEATER,1.6,4,8.5,6.6,7.6,175
COOPER COUPE,TWO-SEATER,1.6,4,8.0,6.4,7.3,168
COOPER PACEMAN,COMPACT,1.6,4,9.4,7.9,8.7,200
COOPER PACEMAN,COMPACT,1.6,4,8.6,6.8,7.8,179
COOPER ROADSTER,TWO-SEATER,1.6,4,8.7,6.6,7.8,179
COOPER ROADSTER,TWO-SEATER,1.6,4,8.6,6.8,7.8,179
COOPER S CLUBMAN,SUBCOMPACT,1.6,4,9.3,7.0,8.3,191
COOPER S CLUBMAN,SUBCOMPACT,1.6,4,9.1,6.7,8.0,184
COOPER S CONVERTIBLE,MINICOMPACT,1.6,4,9.3,7.0,8.3,191
COOPER S CONVERTIBLE,MINICOMPACT,1.6,4,9.1,6.7,8.0,184
COOPER S COUNTRYMAN ALL4,COMPACT,1.6,4,10.0,7.8,9.0,207
COOPER S COUNTRYMAN ALL4,COMPACT,1.6,4,9.3,7.5,8.5,196
COOPER S COUPE,TWO-SEATER,1.6,4,9.3,7.0,8.3,191
COOPER S COUPE,TWO-SEATER,1.6,4,9.1,6.7,8.0,184
COOPER S PACEMAN ALL4,COMPACT,1.6,4,10.0,7.8,9.0,207
COOPER S PACEMAN ALL4,COMPACT,1.6,4,9.3,7.5,8.5,196
COOPER S ROADSTER,TWO-SEATER,1.6,4,9.3,7.0,8.3,191
COOPER S ROADSTER,TWO-SEATER,1.6,4,9.1,6.7,8.0,184
JOHN COOPER WORKS CLUBMAN,SUBCOMPACT,1.6,4,9.3,7.0,8.3,191
JOHN COOPER WORKS CLUBMAN,SUBCOMPACT,1.6,4,9.1,6.7,8.0,184
JOHN COOPER WORKS CONVERTIBLE,MINICOMPACT,1.6,4,9.3,7.0,8.3,191
JOHN COOPER WORKS CONVERTIBLE,MINICOMPACT,1.6,4,9.1,6.7,8.0,184
JOHN COOPER WORKS COUNTRYMAN ALL4,COMPACT,1.6,4,10.0,7.8,9.0,207
JOHN COOPER WORKS COUNTRYMAN ALL4,COMPACT,1.6,4,9.3,7.5,8.5,196
JOHN COOPER WORKS COUPE,TWO-SEATER,1.6,4,9.3,7.0,8.3,191
JOHN COOPER WORKS COUPE,TWO-SEATER,1.6,4,9.1,6.7,8.0,184
JOHN COOPER WORKS PACEMAN ALL4,COMPACT,1.6,4,10.0,7.8,9.0,207
JOHN COOPER WORKS PACEMAN ALL4,COMPACT,1.6,4,9.3,7.5,8.5,196
JOHN COOPER WORKS ROADSTER,TWO-SEATER,1.6,4,9.3,7.0,8.3,191
JOHN COOPER WORKS ROADSTER,TWO-SEATER,1.6,4,9.1,6.7,8.0,184
LANCER,COMPACT,2.0,4,9.2,7.0,8.2,189
LANCER,COMPACT,2.0,4,9.6,6.8,8.3,191
LANCER AWD,COMPACT,2.4,4,10.5,8.2,9.5,218
LANCER EVOLUTION,COMPACT,2.0,4,14.2,10.5,12.5,288
LANCER EVOLUTION,COMPACT,2.0,4,14.0,10.3,12.3,283
LANCER RALLIART,COMPACT,2.0,4,13.4,9.4,11.6,267
LANCER SPORTBACK,STATION WAGON - SMALL,2.0,4,9.6,7.3,8.6,198
LANCER SPORTBACK,STATION WAGON - SMALL,2.0,4,9.8,7.1,8.6,198
MIRAGE,COMPACT,1.2,3,6.4,5.4,6.0,138
MIRAGE,COMPACT,1.2,3,7.0,5.6,6.4,147
OUTLANDER,SUV - SMALL,2.4,4,9.5,7.5,8.6,198
OUTLANDER 4WD,SUV - SMALL,2.4,4,9.9,8.1,9.1,209
OUTLANDER 4WD,SUV - SMALL,3.0,6,11.5,8.5,10.2,235
RVR,SUV - SMALL,2.0,4,9.6,7.6,8.7,200
RVR,SUV - SMALL,2.0,4,9.9,7.5,8.8,202
RVR 4WD,SUV - SMALL,2.0,4,9.8,8.0,9.0,207
370Z,TWO-SEATER,3.7,6,12.6,9.1,11.0,253
370Z,TWO-SEATER,3.7,6,13.3,9.3,11.5,264
370Z ROADSTER,TWO-SEATER,3.7,6,13.0,9.5,11.4,262
370Z ROADSTER,TWO-SEATER,3.7,6,13.5,9.6,11.7,269
ALTIMA,MID-SIZE,2.5,4,8.7,6.2,7.6,175
ALTIMA,MID-SIZE,3.5,6,10.8,7.4,9.3,214
ARMADA 4WD,SUV - STANDARD,5.6,8,19.1,13.4,16.5,380
FRONTIER,PICKUP TRUCK - SMALL,2.5,4,13.7,10.6,12.3,283
FRONTIER,PICKUP TRUCK - SMALL,2.5,4,12.2,10.2,11.3,260
FRONTIER,PICKUP TRUCK - SMALL,4.0,6,14.7,10.2,12.7,292
FRONTIER 4WD,PICKUP TRUCK - SMALL,4.0,6,15.7,11.2,13.7,315
FRONTIER 4WD,PICKUP TRUCK - SMALL,4.0,6,14.8,11.0,13.1,301
GT-R,SUBCOMPACT,3.8,6,14.5,10.9,12.9,297
JUKE,STATION WAGON - SMALL,1.6,4,8.7,7.3,8.1,186
JUKE,STATION WAGON - SMALL,1.6,4,9.5,7.6,8.6,198
JUKE AWD,STATION WAGON - SMALL,1.6,4,9.3,7.9,8.7,200
MAXIMA,MID-SIZE,3.5,6,12.3,9.1,10.9,251
MURANO AWD,SUV - SMALL,3.5,6,13.2,10.1,11.8,271
NV200 CARGO VAN,SPECIAL PURPOSE VEHICLE,2.0,4,10.0,8.5,9.3,214
PATHFINDER,SUV - SMALL,3.5,6,12.0,8.9,10.6,244
PATHFINDER 4WD,SUV - SMALL,3.5,6,12.3,9.3,11.0,253
PATHFINDER HYBRID 4WD,SUV - STANDARD,2.5,4,9.1,8.5,8.8,202
QUEST,MINIVAN,3.5,6,12.5,9.5,11.1,255
ROGUE,SUV - SMALL,2.5,4,9.2,7.2,8.3,191
ROGUE AWD,SUV - SMALL,2.5,4,9.5,7.4,8.6,198
SENTRA,MID-SIZE,1.8,4,7.8,6.0,7.0,161
SENTRA,MID-SIZE,1.8,4,8.7,6.6,7.8,179
TITAN,PICKUP TRUCK - STANDARD,5.6,8,17.9,12.8,15.6,359
TITAN 4WD,PICKUP TRUCK - STANDARD,5.6,8,19.7,14.3,17.3,398
VERSA,COMPACT,1.6,4,7.2,5.8,6.6,152
VERSA,COMPACT,1.6,4,8.6,6.5,7.7,177
XTERRA 4WD,SUV - SMALL,4.0,6,16.1,11.9,14.2,327
XTERRA 4WD,SUV - SMALL,4.0,6,15.2,11.9,13.7,315
911 CARRERA,MINICOMPACT,3.4,6,11.6,8.3,10.1,232
911 CARRERA,MINICOMPACT,3.4,6,12.5,8.6,10.7,246
911 CARRERA 4,MINICOMPACT,3.4,6,11.8,8.5,10.3,237
911 CARRERA 4,MINICOMPACT,3.4,6,12.4,8.6,10.7,246
911 CARRERA 4 CABRIOLET,MINICOMPACT,3.4,6,12.0,8.7,10.5,242
911 CARRERA 4 CABRIOLET,MINICOMPACT,3.4,6,12.6,9.0,11.0,253
911 CARRERA 4S,MINICOMPACT,3.8,6,12.3,8.9,10.8,248
911 CARRERA 4S,MINICOMPACT,3.8,6,12.8,8.9,11.0,253
911 CARRERA 4S CABRIOLET,MINICOMPACT,3.8,6,12.7,9.0,11.0,253
911 CARRERA 4S CABRIOLET,MINICOMPACT,3.8,6,12.9,9.1,11.2,258
911 CARRERA CABRIOLET,MINICOMPACT,3.4,6,11.6,8.3,10.1,232
911 CARRERA CABRIOLET,MINICOMPACT,3.4,6,12.4,8.6,10.7,246
911 CARRERA S,MINICOMPACT,3.8,6,12.1,8.7,10.6,244
911 CARRERA S,MINICOMPACT,3.8,6,12.6,8.6,10.8,248
911 CARRERA S CABRIOLET,MINICOMPACT,3.8,6,12.4,8.7,10.7,246
911 CARRERA S CABRIOLET,MINICOMPACT,3.8,6,12.6,8.8,10.9,251
911 GT3,TWO-SEATER,3.8,6,16.0,11.5,14.0,322
911 TURBO,MINICOMPACT,3.8,6,13.7,9.6,11.9,274
911 TURBO CABRIOLET,MINICOMPACT,3.8,6,13.7,9.6,11.9,274
911 TURBO S,MINICOMPACT,3.8,6,13.7,9.6,11.9,274
911 TURBO S CABRIOLET,MINICOMPACT,3.8,6,13.7,9.6,11.9,274
BOXSTER,TWO-SEATER,2.7,6,10.7,7.4,9.2,212
BOXSTER,TWO-SEATER,2.7,6,11.5,7.9,9.9,228
BOXSTER S,TWO-SEATER,3.4,6,11.3,7.9,9.8,225
BOXSTER S,TWO-SEATER,3.4,6,11.9,8.6,10.4,239
CAYENNE,SUV - STANDARD,3.6,6,13.6,10.1,12.0,276
CAYENNE,SUV - STANDARD,3.6,6,15.8,10.9,13.6,313
CAYENNE DIESEL,SUV - STANDARD,3.0,6,12.2,8.1,10.4,281
CAYENNE GTS,SUV - STANDARD,4.8,8,15.9,11.4,13.9,320
CAYENNE S,SUV - STANDARD,4.8,8,15.0,10.6,13.0,299
CAYENNE S HYBRID,SUV - STANDARD,3.0,6,11.8,9.9,10.9,251
CAYENNE TURBO,SUV - STANDARD,4.8,8,15.9,10.9,13.7,315
CAYMAN,TWO-SEATER,2.7,6,10.7,7.4,9.2,212
CAYMAN,TWO-SEATER,2.7,6,11.5,7.9,9.9,228
CAYMAN S,TWO-SEATER,3.4,6,11.3,7.9,9.8,225
CAYMAN S,TWO-SEATER,3.4,6,11.9,8.6,10.4,239
PANAMERA,FULL-SIZE,3.6,6,12.9,8.4,10.9,251
PANAMERA 4,FULL-SIZE,3.6,6,13.1,8.7,11.1,255
PANAMERA 4S,FULL-SIZE,3.0,6,13.4,8.8,11.3,260
PANAMERA 4S EXECUTIVE,FULL-SIZE,3.0,6,13.7,8.9,11.5,264
PANAMERA GTS,FULL-SIZE,4.8,8,15.1,9.7,12.7,292
PANAMERA S,FULL-SIZE,3.0,6,13.4,8.8,11.3,260
PANAMERA TURBO,FULL-SIZE,4.8,8,15.3,9.7,12.8,294
PANAMERA TURBO EXECUTIVE,FULL-SIZE,4.8,8,15.4,9.8,12.9,297
1500 (MDS),PICKUP TRUCK - STANDARD,5.7,8,17.1,12.0,14.8,340
1500 (MDS),PICKUP TRUCK - STANDARD,5.7,8,15.8,10.9,13.6,313
1500 4X4 (MDS),PICKUP TRUCK - STANDARD,5.7,8,17.6,12.7,15.4,354
1500 4X4 (MDS),PICKUP TRUCK - STANDARD,5.7,8,16.3,11.5,14.1,324
1500 4X4 DIESEL,PICKUP TRUCK - STANDARD,3.0,6,12.1,8.8,10.6,286
1500 4X4 FFV,PICKUP TRUCK - STANDARD,3.6,6,14.6,10.1,12.6,290
1500 4X4 FFV,PICKUP TRUCK - STANDARD,3.6,6,20.5,14.5,17.8,285
1500 DIESEL,PICKUP TRUCK - STANDARD,3.0,6,11.6,8.4,10.2,275
1500 FFV,PICKUP TRUCK - STANDARD,3.6,6,13.9,9.5,11.9,274
1500 FFV,PICKUP TRUCK - STANDARD,3.6,6,19.4,13.6,16.8,269
1500 HFE,PICKUP TRUCK - STANDARD,3.6,6,12.9,9.3,11.3,260
CARGO VAN FFV,MINIVAN,3.6,6,13.3,9.1,11.4,262
CARGO VAN FFV,MINIVAN,3.6,6,18.6,12.7,15.9,254
GHOST,FULL-SIZE,6.6,12,19.1,12.3,16.0,368
GHOST EWB,FULL-SIZE,6.6,12,19.1,12.3,16.0,368
PHANTOM,FULL-SIZE,6.7,12,20.7,12.8,17.1,393
PHANTOM COUPE,COMPACT,6.7,12,20.7,12.8,17.1,393
PHANTOM DROPHEAD COUPE,COMPACT,6.7,12,20.7,12.7,17.1,393
PHANTOM EWB,FULL-SIZE,6.7,12,20.7,12.7,17.1,393
WRAITH,MID-SIZE,6.6,12,18.7,11.8,15.6,359
FR-S,MINICOMPACT,2.0,4,9.6,7.0,8.4,193
FR-S,MINICOMPACT,2.0,4,10.9,7.8,9.5,218
iQ,MINICOMPACT,1.3,4,6.6,5.7,6.2,143
tC,COMPACT,2.5,4,10.2,7.5,9.0,207
tC,COMPACT,2.5,4,10.2,7.6,9.0,207
xB,STATION WAGON - SMALL,2.4,4,10.9,8.6,9.9,228
xB,STATION WAGON - SMALL,2.4,4,10.9,8.6,9.9,228
xD,SUBCOMPACT,1.8,4,8.8,7.1,8.0,184
xD,SUBCOMPACT,1.8,4,8.6,7.1,7.9,182
FORTWO CABRIOLET,TWO-SEATER,1.0,3,6.9,5.7,6.4,147
FORTWO COUPE,TWO-SEATER,1.0,3,6.9,5.7,6.4,147
VIPER COUPE,TWO-SEATER,8.4,10,20.0,13.0,16.9,389
VIPER GTS COUPE,TWO-SEATER,8.4,10,20.0,13.0,16.9,389
BRZ,MINICOMPACT,2.0,4,9.6,7.1,8.5,196
BRZ,MINICOMPACT,2.0,4,11.0,7.9,9.6,221
FORESTER AWD,SUV - SMALL,2.0,4,10.2,8.6,9.5,218
FORESTER AWD,SUV - SMALL,2.5,4,9.6,7.4,8.6,198
FORESTER AWD,SUV - SMALL,2.5,4,10.9,8.3,9.7,223
IMPREZA AWD,COMPACT,2.0,4,8.7,6.6,7.8,179
IMPREZA AWD,COMPACT,2.0,4,9.6,7.1,8.5,196
IMPREZA AWD,COMPACT,2.5,4,12.6,9.5,11.2,258
IMPREZA AWD,COMPACT,2.5,4,14.2,10.4,12.5,288
IMPREZA WAGON AWD,STATION WAGON - SMALL,2.0,4,8.7,6.6,7.8,179
IMPREZA WAGON AWD,STATION WAGON - SMALL,2.0,4,9.6,7.1,8.5,196
IMPREZA WAGON AWD,STATION WAGON - SMALL,2.5,4,12.6,9.5,11.2,258
IMPREZA WAGON AWD,STATION WAGON - SMALL,2.5,4,14.2,10.4,12.5,288
LEGACY AWD,MID-SIZE,2.5,4,9.7,7.3,8.6,198
LEGACY AWD,MID-SIZE,2.5,4,11.3,8.2,9.9,228
LEGACY AWD,MID-SIZE,3.6,6,13.3,9.5,11.6,267
OUTBACK AWD,SUV - SMALL,2.5,4,9.9,7.8,9.0,207
OUTBACK AWD,SUV - SMALL,2.5,4,10.8,8.5,9.8,225
OUTBACK AWD,SUV - SMALL,3.6,6,13.4,9.7,11.7,269
TRIBECA AWD,SUV - SMALL,3.6,6,14.7,11.1,13.1,301
XV CROSSTREK AWD,SUV - SMALL,2.0,4,9.5,7.2,8.5,196
XV CROSSTREK AWD,SUV - SMALL,2.0,4,10.2,8.0,9.2,212
XV CROSSTREK HYBRID AWD,SUV - SMALL,2.0,4,8.1,7.2,7.7,177
4RUNNER (Part-Time 4WD),SUV - STANDARD,4.0,6,14.3,11.1,12.9,297
4RUNNER 4WD,SUV - STANDARD,4.0,6,14.3,11.1,12.9,297
AVALON,MID-SIZE,3.5,6,11.3,7.6,9.6,221
CAMRY,MID-SIZE,2.5,4,9.5,6.6,8.2,189
CAMRY,MID-SIZE,3.5,6,11.1,7.8,9.6,221
CAMRY HYBRID LE,MID-SIZE,2.5,4,5.5,5.9,5.7,131
CAMRY HYBRID XLE/SE,MID-SIZE,2.5,4,5.8,6.2,6.0,138
COROLLA,MID-SIZE,1.8,4,8.6,6.5,7.7,177
COROLLA,MID-SIZE,1.8,4,8.1,6.3,7.3,168
COROLLA,MID-SIZE,1.8,4,8.0,5.9,7.1,163
COROLLA,MID-SIZE,1.8,4,8.3,6.3,7.4,170
COROLLA LE ECO (1-mode),MID-SIZE,1.8,4,7.7,5.6,6.8,156
COROLLA LE ECO (2-mode),MID-SIZE,1.8,4,7.8,5.9,6.9,159
COROLLA MATRIX,STATION WAGON - SMALL,1.8,4,9.4,7.5,8.5,196
COROLLA MATRIX,STATION WAGON - SMALL,1.8,4,8.9,7.3,8.2,189
FJ CRUISER 4WD,SUV - SMALL,4.0,6,14.3,11.2,12.9,297
FJ CRUISER 4WD,SUV - SMALL,4.0,6,15.4,12.1,13.9,320
HIGHLANDER,SUV - SMALL,2.7,4,11.7,8.6,10.3,237
HIGHLANDER,SUV - SMALL,3.5,6,12.6,9.4,11.2,258
HIGHLANDER AWD,SUV - STANDARD,3.5,6,13.0,9.7,11.5,264
HIGHLANDER HYBRID AWD,SUV - STANDARD,3.5,6,8.0,8.6,8.3,191
HIGHLANDER HYBRID AWD LE,SUV - STANDARD,3.5,6,7.9,8.6,8.2,189
PRIUS,MID-SIZE,1.8,4,4.7,4.9,4.8,110
PRIUS c,COMPACT,1.5,4,4.6,4.9,4.7,108
PRIUS v,STATION WAGON - MID-SIZE,1.8,4,5.3,5.8,5.5,126
RAV4,SUV - SMALL,2.5,4,10.0,7.6,8.9,205
RAV4 AWD,SUV - SMALL,2.5,4,10.4,8.1,9.4,216
RAV4 LIMITED AWD,SUV - SMALL,2.5,4,10.6,8.2,9.5,218
SEQUOIA 4WD,SUV - STANDARD,5.7,8,19.0,13.9,16.7,384
SIENNA,MINIVAN,3.5,6,12.9,9.4,11.3,260
SIENNA AWD,MINIVAN,3.5,6,14.2,10.3,12.4,285
TACOMA,PICKUP TRUCK - SMALL,2.7,4,12.2,9.3,10.9,251
TACOMA,PICKUP TRUCK - SMALL,2.7,4,11.3,8.9,10.2,235
TACOMA,PICKUP TRUCK - SMALL,4.0,6,14.5,11.3,13.1,301
TACOMA 4WD,PICKUP TRUCK - SMALL,2.7,4,13.1,10.5,11.9,274
TACOMA 4WD,PICKUP TRUCK - SMALL,2.7,4,12.8,10.6,11.8,271
TACOMA 4WD,PICKUP TRUCK - SMALL,4.0,6,14.7,11.5,13.3,306
TACOMA 4WD,PICKUP TRUCK - SMALL,4.0,6,15.3,12.3,14.0,322
TUNDRA,PICKUP TRUCK - STANDARD,4.0,6,14.8,11.8,13.5,310
TUNDRA,PICKUP TRUCK - STANDARD,4.6,8,15.9,12.3,14.3,329
TUNDRA,PICKUP TRUCK - STANDARD,5.7,8,17.6,12.9,15.5,356
TUNDRA 4WD,PICKUP TRUCK - STANDARD,4.6,8,16.9,12.8,15.1,347
TUNDRA 4WD,PICKUP TRUCK - STANDARD,5.7,8,18.1,13.9,16.2,373
VENZA,SUV - SMALL,2.7,4,11.4,8.2,10.0,230
VENZA,SUV - SMALL,3.5,6,12.6,9.1,11.0,253
VENZA 4WD,SUV - SMALL,2.7,4,11.6,8.5,10.2,235
VENZA 4WD,SUV - SMALL,3.5,6,12.9,9.4,11.3,260
YARIS,COMPACT,1.5,4,7.9,6.6,7.3,168
YARIS,COMPACT,1.5,4,7.8,6.3,7.1,163
BEETLE,COMPACT,1.8,4,9.5,7.2,8.5,196
BEETLE,COMPACT,1.8,4,9.9,7.2,8.7,200
BEETLE,COMPACT,2.0,4,10.3,7.7,9.1,209
BEETLE,COMPACT,2.0,4,10.8,7.6,9.4,216
BEETLE,COMPACT,2.5,5,10.9,8.4,9.8,225
BEETLE,COMPACT,2.5,5,11.2,7.7,9.6,221
BEETLE CONVERTIBLE,SUBCOMPACT,1.8,4,9.8,7.3,8.7,200
BEETLE CONVERTIBLE,SUBCOMPACT,2.0,4,10.3,8.1,9.3,214
BEETLE CONVERTIBLE,SUBCOMPACT,2.0,4,10.8,7.6,9.4,216
BEETLE CONVERTIBLE,SUBCOMPACT,2.5,5,11.2,8.7,10.1,232
BEETLE TDI CLEAN DIESEL,COMPACT,2.0,4,8.2,6.1,7.3,197
BEETLE TDI CLEAN DIESEL,COMPACT,2.0,4,8.5,5.8,7.3,197
CC,COMPACT,2.0,4,11.1,7.9,9.7,223
CC,COMPACT,2.0,4,11.6,7.7,9.8,225
CC 4MOTION,COMPACT,3.6,6,14.3,9.8,12.3,283
EOS,SUBCOMPACT,2.0,4,10.9,8.0,9.6,221
GOLF WAGON,STATION WAGON - SMALL,2.5,5,11.0,7.7,9.5,218
GOLF WAGON,STATION WAGON - SMALL,2.5,5,11.2,7.3,9.4,216
GOLF WAGON TDI CLEAN DIESEL,STATION WAGON - SMALL,2.0,4,8.2,6.0,7.2,194
GOLF WAGON TDI CLEAN DIESEL,STATION WAGON - SMALL,2.0,4,7.9,5.6,6.9,186
JETTA,COMPACT,1.8,4,9.5,6.7,8.2,189
JETTA,COMPACT,1.8,4,9.4,6.7,8.2,189
JETTA,COMPACT,2.0,4,10.6,8.0,9.4,216
JETTA,COMPACT,2.0,4,10.4,7.2,9.0,207
JETTA GLI,COMPACT,2.0,4,10.2,7.5,9.0,207
JETTA GLI,COMPACT,2.0,4,10.6,7.4,9.2,212
JETTA TDI CLEAN DIESEL,COMPACT,2.0,4,7.9,5.7,6.9,186
JETTA TDI CLEAN DIESEL,COMPACT,2.0,4,7.9,5.6,6.9,186
JETTA TURBO HYBRID,COMPACT,1.4,4,5.6,5.2,5.4,124
PASSAT,MID-SIZE,1.8,4,9.9,6.9,8.6,198
PASSAT,MID-SIZE,1.8,4,10.0,6.9,8.6,198
PASSAT,MID-SIZE,2.5,5,11.0,8.0,9.7,223
PASSAT,MID-SIZE,2.5,5,11.4,7.8,9.8,225
PASSAT,MID-SIZE,3.6,6,12.4,8.8,10.8,248
PASSAT TDI CLEAN DIESEL,MID-SIZE,2.0,4,8.1,5.9,7.1,192
PASSAT TDI CLEAN DIESEL,MID-SIZE,2.0,4,8.0,5.4,6.8,184
ROUTAN,MINIVAN,3.6,6,14.2,9.5,12.1,278
TIGUAN,SUV - SMALL,2.0,4,11.7,9.5,10.7,246
TIGUAN,SUV - SMALL,2.0,4,13.6,9.2,11.6,267
TIGUAN 4MOTION,SUV - SMALL,2.0,4,11.7,9.4,10.7,246
TOUAREG,SUV - STANDARD,3.6,6,13.8,10.3,12.2,281
TOUAREG TDI CLEAN DIESEL,SUV - STANDARD,3.0,6,12.3,8.0,10.4,281
S60,COMPACT,2.5,5,11.3,7.8,9.7,223
S60 AWD,COMPACT,2.5,5,11.6,8.3,10.1,232
S60 AWD,COMPACT,3.0,6,13.2,9.5,11.5,264
S80,MID-SIZE,3.2,6,11.9,8.1,10.2,235
S80 AWD,MID-SIZE,3.0,6,13.2,9.5,11.5,264
XC60,SUV - SMALL,3.2,6,13.0,8.9,11.2,258
XC60 AWD,SUV - SMALL,3.0,6,13.4,9.8,11.8,271
XC60 AWD,SUV - SMALL,3.2,6,13.2,9.5,11.5,264
XC70 AWD,SUV - SMALL,3.0,6,13.4,9.8,11.8,271
XC70 AWD,SUV - SMALL,3.2,6,12.9,9.3,11.3,260
XC90 AWD,SUV - STANDARD,3.2,6,14.9,10.2,12.8,294
